{"layer_width": 32, "layer_depth": 3, "activation": "tanh", "lr": 0.009835739397995362, "momentum": 0.20581358454319193, "preprocess": "base", "portion": 3}