{"layer_width": 16, "layer_depth": 3, "activation": "tanh", "lr": 0.008246504440377682, "momentum": 0.7333410953928362}