{"layer_width": 24, "layer_depth": 3, "activation": "relu", "lr": 0.009674312923944023, "momentum": 0.564157108068081, "preprocess": "base", "portion": 4}