{"layer_width": 8, "layer_depth": 2, "activation": "relu", "lr": 0.0009071000974369548, "momentum": 0.7204273195965379, "preprocess": "base", "portion": 4}