{"layer_width": 32, "layer_depth": 3, "activation": "tanh", "lr": 0.0002279343427601623, "momentum": 0.3632177932847801}