{"layer_width": 24, "layer_depth": 2, "activation": "tanh", "lr": 0.0007745001202228396, "momentum": 0.7077339373630028}