{"layer_width": 24, "layer_depth": 3, "activation": "tanh", "lr": 0.0007240029148518669, "momentum": 0.2668353413975092}