{"layer_width": 32, "layer_depth": 3, "activation": "tanh", "lr": 0.004167198297705663, "momentum": 0.3472676247132922}