{"layer_width": 24, "layer_depth": 3, "activation": "relu", "lr": 0.0016769215468784662, "momentum": 0.35364645986335974, "preprocess": "base", "portion": 3}