{"layer_width": 32, "layer_depth": 2, "activation": "tanh", "lr": 0.003109617890583199, "momentum": 0.5081564247103649}