{"layer_width": 24, "layer_depth": 3, "activation": "tanh", "lr": 0.0009332685990650535, "momentum": 0.5084893482609173}