{"layer_width": 16, "layer_depth": 2, "activation": "tanh", "lr": 0.0016648172727701568, "momentum": 0.7556162753942613, "preprocess": "reduced_highest", "portion": 3}